Workbook

Sheet 스폰 raw 데이터
A1: RowName | B1: WaveCount | C1: SpawnTime | D1: EnemyType | E1: BaseHp | F1: BaseSpeed | G1: StatMultiplier
A2: Wave1_01 | B2: =MID(A2,5,1) -> 1 | C2: 0.5 | D2: Melee | E2: =VLOOKUP(D2,'스탯 기초값'!$A$2:$C$4,2,0) -> 150 | F2: =VLOOKUP(D2,'스탯 기초값'!$A$2:$C$4,3,0) -> 100 | G2: =QUOTIENT(B2/3,1) -> 0
A3: Wave1_02 | B3: =MID(A3,5,1) -> 1 | C3: 1 | D3: Melee | E3: =VLOOKUP(D3,'스탯 기초값'!$A$2:$C$4,2,0) -> 150 | F3: =VLOOKUP(D3,'스탯 기초값'!$A$2:$C$4,3,0) -> 100 | G3: =QUOTIENT(B3/3,1) -> 0
A4: Wave1_03 | B4: =MID(A4,5,1) -> 1 | C4: 1.3 | D4: Ranged | E4: =VLOOKUP(D4,'스탯 기초값'!$A$2:$C$4,2,0) -> 100 | F4: =VLOOKUP(D4,'스탯 기초값'!$A$2:$C$4,3,0) -> 80 | G4: =QUOTIENT(B4/3,1) -> 0
A5: Wave1_04 | B5: =MID(A5,5,1) -> 1 | C5: 1.5 | D5: Ranged | E5: =VLOOKUP(D5,'스탯 기초값'!$A$2:$C$4,2,0) -> 100 | F5: =VLOOKUP(D5,'스탯 기초값'!$A$2:$C$4,3,0) -> 80 | G5: =QUOTIENT(B5/3,1) -> 0
A6: Wave1_05 | B6: =MID(A6,5,1) -> 1 | C6: 1.7 | D6: Melee | E6: =VLOOKUP(D6,'스탯 기초값'!$A$2:$C$4,2,0) -> 150 | F6: =VLOOKUP(D6,'스탯 기초값'!$A$2:$C$4,3,0) -> 100 | G6: =QUOTIENT(B6/3,1) -> 0
A7: Wave2_01 | B7: =MID(A7,5,1) -> 2 | C7: 0.3 | D7: Melee | E7: =VLOOKUP(D7,'스탯 기초값'!$A$2:$C$4,2,0) -> 150 | F7: =VLOOKUP(D7,'스탯 기초값'!$A$2:$C$4,3,0) -> 100 | G7: =QUOTIENT(B7/3,1) -> 0
A8: Wave2_02 | B8: =MID(A8,5,1) -> 2 | C8: 0.5 | D8: Melee | E8: =VLOOKUP(D8,'스탯 기초값'!$A$2:$C$4,2,0) -> 150 | F8: =VLOOKUP(D8,'스탯 기초값'!$A$2:$C$4,3,0) -> 100 | G8: =QUOTIENT(B8/3,1) -> 0
A9: Wave2_03 | B9: =MID(A9,5,1) -> 2 | C9: 0.7 | D9: Ranged | E9: =VLOOKUP(D9,'스탯 기초값'!$A$2:$C$4,2,0) -> 100 | F9: =VLOOKUP(D9,'스탯 기초값'!$A$2:$C$4,3,0) -> 80 | G9: =QUOTIENT(B9/3,1) -> 0
A10: Wave2_04 | B10: =MID(A10,5,1) -> 2 | C10: 1.2 | D10: Ranged | E10: =VLOOKUP(D10,'스탯 기초값'!$A$2:$C$4,2,0) -> 100 | F10: =VLOOKUP(D10,'스탯 기초값'!$A$2:$C$4,3,0) -> 80 | G10: =QUOTIENT(B10/3,1) -> 0
A11: Wave2_05 | B11: =MID(A11,5,1) -> 2 | C11: 1.5 | D11: Ranged | E11: =VLOOKUP(D11,'스탯 기초값'!$A$2:$C$4,2,0) -> 100 | F11: =VLOOKUP(D11,'스탯 기초값'!$A$2:$C$4,3,0) -> 80 | G11: =QUOTIENT(B11/3,1) -> 0
A12: Wave2_06 | B12: =MID(A12,5,1) -> 2 | C12: 2 | D12: Ranged | E12: =VLOOKUP(D12,'스탯 기초값'!$A$2:$C$4,2,0) -> 100 | F12: =VLOOKUP(D12,'스탯 기초값'!$A$2:$C$4,3,0) -> 80 | G12: =QUOTIENT(B12/3,1) -> 0
A13: Wave3_01 | B13: 3 | C13: 0 | D13: Melee | E13: =VLOOKUP(D13,'스탯 기초값'!$A$2:$C$4,2,0) -> 150 | F13: =VLOOKUP(D13,'스탯 기초값'!$A$2:$C$4,3,0) -> 100 | G13: =QUOTIENT(B13/3,1) -> 1
A14: Wave3_02 | B14: 3 | C14: 0 | D14: Melee | E14: =VLOOKUP(D14,'스탯 기초값'!$A$2:$C$4,2,0) -> 150 | F14: =VLOOKUP(D14,'스탯 기초값'!$A$2:$C$4,3,0) -> 100 | G14: =QUOTIENT(B14/3,1) -> 1
A15: Wave3_03 | B15: 3 | C15: 0.5 | D15: Melee | E15: =VLOOKUP(D15,'스탯 기초값'!$A$2:$C$4,2,0) -> 150 | F15: =VLOOKUP(D15,'스탯 기초값'!$A$2:$C$4,3,0) -> 100 | G15: =QUOTIENT(B15/3,1) -> 1
A16: Wave3_04 | B16: 3 | C16: 0.7 | D16: Melee | E16: =VLOOKUP(D16,'스탯 기초값'!$A$2:$C$4,2,0) -> 150 | F16: =VLOOKUP(D16,'스탯 기초값'!$A$2:$C$4,3,0) -> 100 | G16: =QUOTIENT(B16/3,1) -> 1
A17: Wave3_05 | B17: 3 | C17: 0.8 | D17: Melee | E17: =VLOOKUP(D17,'스탯 기초값'!$A$2:$C$4,2,0) -> 150 | F17: =VLOOKUP(D17,'스탯 기초값'!$A$2:$C$4,3,0) -> 100 | G17: =QUOTIENT(B17/3,1) -> 1
A18: Wave3_06 | B18: 3 | C18: 1.5 | D18: Melee | E18: =VLOOKUP(D18,'스탯 기초값'!$A$2:$C$4,2,0) -> 150 | F18: =VLOOKUP(D18,'스탯 기초값'!$A$2:$C$4,3,0) -> 100 | G18: =QUOTIENT(B18/3,1) -> 1
A19: Wave3_07 | B19: 3 | C19: 2 | D19: Melee | E19: =VLOOKUP(D19,'스탯 기초값'!$A$2:$C$4,2,0) -> 150 | F19: =VLOOKUP(D19,'스탯 기초값'!$A$2:$C$4,3,0) -> 100 | G19: =QUOTIENT(B19/3,1) -> 1
A20: Wave3_08 | B20: 3 | C20: 2.2 | D20: Ranged | E20: =VLOOKUP(D20,'스탯 기초값'!$A$2:$C$4,2,0) -> 100 | F20: =VLOOKUP(D20,'스탯 기초값'!$A$2:$C$4,3,0) -> 80 | G20: =QUOTIENT(B20/3,1) -> 1
A21: Wave3_09 | B21: 3 | C21: 2.3 | D21: Ranged | E21: =VLOOKUP(D21,'스탯 기초값'!$A$2:$C$4,2,0) -> 100 | F21: =VLOOKUP(D21,'스탯 기초값'!$A$2:$C$4,3,0) -> 80 | G21: =QUOTIENT(B21/3,1) -> 1
A22: Wave3_10 | B22: 3 | C22: 2.7 | D22: Ranged | E22: =VLOOKUP(D22,'스탯 기초값'!$A$2:$C$4,2,0) -> 100 | F22: =VLOOKUP(D22,'스탯 기초값'!$A$2:$C$4,3,0) -> 80 | G22: =QUOTIENT(B22/3,1) -> 1
A23: Wave3_11 | B23: 3 | C23: 2.8 | D23: Ranged | E23: =VLOOKUP(D23,'스탯 기초값'!$A$2:$C$4,2,0) -> 100 | F23: =VLOOKUP(D23,'스탯 기초값'!$A$2:$C$4,3,0) -> 80 | G23: =QUOTIENT(B23/3,1) -> 1
A24: Wave3_12 | B24: 3 | C24: 2.9 | D24: Ranged | E24: =VLOOKUP(D24,'스탯 기초값'!$A$2:$C$4,2,0) -> 100 | F24: =VLOOKUP(D24,'스탯 기초값'!$A$2:$C$4,3,0) -> 80 | G24: =QUOTIENT(B24/3,1) -> 1
A25: Wave3_13 | B25: 3 | C25: 3 | D25: Ranged | E25: =VLOOKUP(D25,'스탯 기초값'!$A$2:$C$4,2,0) -> 100 | F25: =VLOOKUP(D25,'스탯 기초값'!$A$2:$C$4,3,0) -> 80 | G25: =QUOTIENT(B25/3,1) -> 1

Sheet 스탯 기초값
A1: 타입별 스탯 값 | B1: hp | C1: speed
A2: Melee | B2: 150 | C2: 100
A3: Ranged | B3: 100 | C3: 80
A4: Boss | B4: 1000 | C4: 50
